continuous	1_continuous_sim timeseries stacks_zmax	TIMES:	0.0	0.5	1.0	1.5	2.0	2.5	3.0	3.5	4.0	4.5	5.0	5.5	6.0	6.5	7.0	7.5	8.0	8.5	9.0	9.5	10.0	10.5	11.0	11.5	12.0	12.5	13.0	13.5	14.0	14.5	15.0	15.5	16.0	16.5	17.0	17.5	18.0	18.5	19.0	19.5	20.0	20.5	21.0	21.5	22.0	22.5	23.0	23.5	24.0	24.5	25.0	25.5	26.0	26.5	27.0	27.5	28.0	28.5	29.0	29.5	30.0	30.5	31.0	31.5	32.0	32.5	33.0	33.5	34.0	34.5	35.0	35.5	36.0	36.5	37.0	37.5	38.0	38.5	39.0	39.5	40.0
continuous	1_continuous_sim timeseries stacks_zmax	COUNTS:	0	0	1	0	2	7	13	22	40	58	79	89	111	119	138	144	156	168	175	169	177	179	187	192	198	191	185	190	182	178	189	190	185	174	181	175	174	162	173	172	171	158	162	158	160	158	155	150	150	146	125	128	118	117	103	103	103	104	108	94	97	103	85	90	85	85	89	75	84	85	80	77	80	67	68	66	64	66	56	58	59
continuous	1_continuous_sim timeseries stacks_zmax	TOTALINTS:	0.0	0.0	115.0	0.0	269.0	844.0	1789.5	2976.5	5430.0	7987.5	10883.5	12698.5	15702.0	16854.5	19748.0	20802.5	22676.0	23915.0	25291.0	24240.5	25666.0	25701.5	27256.5	27754.5	28538.5	27403.5	26891.0	27481.0	25960.5	25780.0	26990.5	27050.0	26449.5	25300.5	25500.5	25244.0	24555.5	23024.5	23960.0	23911.5	23713.5	22589.0	23194.5	22134.0	22285.0	22341.5	21664.5	20828.0	20501.0	19847.0	16501.0	16358.5	15798.5	15079.5	13251.5	13374.0	13322.5	12905.0	12980.0	11396.5	12345.0	12733.0	10705.5	11000.0	10557.5	10312.0	10754.0	9296.0	10510.0	10573.5	9795.5	9425.5	9521.5	8333.0	8508.0	8543.0	8238.5	8481.5	7360.5	7352.5	7027.0
continuous	2_continuous_sim timeseries stacks_zmax	TIMES:	0.0	0.5	1.0	1.5	2.0	2.5	3.0	3.5	4.0	4.5	5.0	5.5	6.0	6.5	7.0	7.5	8.0	8.5	9.0	9.5	10.0	10.5	11.0	11.5	12.0	12.5	13.0	13.5	14.0	14.5	15.0	15.5	16.0	16.5	17.0	17.5	18.0	18.5	19.0	19.5	20.0	20.5	21.0	21.5	22.0	22.5	23.0	23.5	24.0	24.5	25.0	25.5	26.0	26.5	27.0	27.5	28.0	28.5	29.0	29.5	30.0	30.5	31.0	31.5	32.0	32.5
continuous	2_continuous_sim timeseries stacks_zmax	COUNTS:	0	1	3	3	5	10	20	33	50	70	89	106	116	131	150	163	179	172	179	168	175	170	173	173	193	172	171	167	164	154	149	147	139	145	133	131	136	133	110	114	113	103	104	104	92	93	82	74	71	68	66	60	56	55	47	41	40	45	46	37	35	42	41	47	52	57
continuous	2_continuous_sim timeseries stacks_zmax	TOTALINTS:	0.0	95.5	342.0	370.5	635.0	1187.0	2231.0	3965.0	6251.0	8895.0	11506.0	13646.5	15288.5	17717.0	20299.5	21613.5	23954.0	23115.5	23920.5	22660.5	23542.5	22757.0	23010.5	23224.0	25281.0	23007.5	22669.0	22224.5	21374.5	20163.5	19407.5	19365.0	18063.0	18849.0	16941.0	16583.5	17383.5	16665.5	13843.0	14138.5	14333.5	13248.0	12976.0	12679.0	10867.5	11004.0	9629.0	8790.5	8376.0	7909.0	7249.5	6468.5	6310.0	6047.5	5237.5	4542.5	4309.5	4650.5	4834.0	4039.0	3959.5	4626.5	4525.0	5197.5	5966.0	6731.5
continuous	3_continuous_sim timeseries stacks_zmax	TIMES:	0.0	0.5	1.0	1.5	2.0	2.5	3.0	3.5	4.0	4.5	5.0	5.5	6.0	6.5	7.0	7.5	8.0	8.5	9.0	9.5	10.0	10.5	11.0	11.5	12.0	12.5	13.0	13.5	14.0	14.5	15.0	15.5	16.0	16.5	17.0	17.5	18.0	18.5	19.0	19.5	20.0	20.5	21.0	21.5	22.0	22.5	23.0	23.5	24.0	24.5	25.0	25.5	26.0	26.5	27.0	27.5	28.0	28.5	29.0	29.5	30.0	30.5	31.0	31.5	32.0	32.5	33.0
continuous	3_continuous_sim timeseries stacks_zmax	COUNTS:	0	0	0	0	0	1	6	10	23	28	40	41	46	60	68	74	78	78	78	79	84	81	78	81	77	83	79	78	79	92	83	82	85	86	92	95	95	84	77	79	83	79	84	77	78	80	82	86	77	86	72	74	83	86	91	90	90	88	81	86	87	88	82	75	72	70	64
continuous	3_continuous_sim timeseries stacks_zmax	TOTALINTS:	0.0	0.0	0.0	0.0	0.0	96.5	721.0	1269.0	2983.0	3692.5	5356.5	5692.0	6255.0	8097.0	9050.0	9921.5	10888.5	10804.0	10753.5	10928.5	11554.0	11333.5	10834.5	11147.0	10613.0	11505.0	10619.5	11051.5	11236.5	12485.5	11292.5	11343.5	11914.0	12021.0	12526.0	13062.5	12606.0	11267.0	10526.5	10541.5	11020.0	10310.5	10668.5	10099.5	10536.0	10568.0	10639.5	10875.0	10139.0	11334.0	9422.0	9577.5	10651.0	10888.5	11440.5	11546.5	11150.5	11023.5	10032.5	10479.0	10757.5	10989.5	10106.5	9688.0	9318.0	8737.0	8070.5
continuous	4_continuous_sim timeseries stacks_zmax	TIMES:	0.0	0.5	1.0	1.5	2.0	2.5	3.0	3.5	4.0	4.5	5.0	5.5	6.0	6.5	7.0	7.5	8.0	8.5	9.0	9.5	10.0	10.5	11.0	11.5	12.0	12.5	13.0	13.5	14.0	14.5	15.0	15.5	16.0	16.5	17.0	17.5	18.0	18.5	19.0	19.5	20.0	20.5	21.0	21.5	22.0	22.5	23.0	23.5	24.0	24.5	25.0	25.5	26.0	26.5	27.0	27.5	28.0	28.5	29.0	29.5	30.0	30.5	31.0	31.5	32.0	32.5	33.0	33.5	34.0	34.5	35.0	35.5	36.0	36.5	37.0	37.5	38.0	38.5	39.0	39.5	40.0
continuous	4_continuous_sim timeseries stacks_zmax	COUNTS:	0	2	1	0	0	0	0	1	0	2	1	3	3	6	5	8	14	17	25	34	40	41	55	56	59	66	68	75	80	74	72	78	79	80	90	90	94	94	91	95	102	98	100	99	97	100	98	91	92	97	88	90	85	77	77	71	75	76	75	71	75	70	73	67	58	59	58	60	55	51	49	49	42	39	39	43	41	37	38	41	41
continuous	4_continuous_sim timeseries stacks_zmax	TOTALINTS:	0.0	244.5	11.5	0.0	0.0	0.0	0.0	96.5	0.0	230.5	119.5	375.5	430.0	863.5	692.0	1094.0	1864.0	2233.5	3326.0	4597.0	5653.5	5901.5	7592.0	8110.5	8511.5	9261.0	9979.5	10914.0	11409.0	10793.0	10563.5	10964.0	11336.5	11873.0	12751.0	12903.0	12976.0	13068.5	12970.5	13217.5	14486.0	14103.5	14195.0	13851.0	13719.5	13933.0	14002.5	12943.5	13051.0	13230.0	11976.0	12210.0	11491.5	10489.0	10271.5	9856.5	10006.0	9780.0	9970.5	9436.0	9821.0	9351.5	9358.0	8659.5	7796.0	7625.0	7425.0	7568.5	6842.0	6266.0	5963.0	6292.5	5402.5	4874.0	4936.5	5110.5	4877.5	4678.0	4694.5	4928.5	4997.0
continuous	5_continuous_sim timeseries stacks_zmax	TIMES:	0.0	0.5	1.0	1.5	2.0	2.5	3.0	3.5	4.0	4.5	5.0	5.5	6.0	6.5	7.0	7.5	8.0	8.5	9.0	9.5	10.0	10.5	11.0	11.5	12.0	12.5	13.0	13.5	14.0	14.5	15.0	15.5	16.0	16.5	17.0	17.5	18.0	18.5	19.0	19.5	20.0	20.5	21.0	21.5	22.0	22.5	23.0	23.5	24.0	24.5	25.0	25.5	26.0	26.5	27.0	27.5	28.0	28.5	29.0	29.5	30.0	30.5	31.0	31.5	32.0	32.5	33.0	33.5	34.0	34.5	35.0	35.5	36.0	36.5	37.0	37.5	38.0	38.5	39.0	39.5	40.0
continuous	5_continuous_sim timeseries stacks_zmax	COUNTS:	0	2	1	2	2	1	2	2	6	11	14	15	25	33	45	56	63	79	86	95	99	113	110	115	137	143	149	157	155	148	162	160	168	171	173	175	177	188	181	179	184	190	185	183	179	169	171	171	172	158	149	152	148	140	142	131	131	121	115	113	103	97	105	88	83	88	71	73	78	63	69	68	55	54	61	59	61	56	43	44	54
continuous	5_continuous_sim timeseries stacks_zmax	TOTALINTS:	0.0	229.0	98.0	232.0	250.5	130.5	244.0	218.5	730.0	1479.0	1926.5	2235.0	3508.5	4705.0	6252.0	8004.0	9405.0	11608.0	13008.5	14623.0	14631.5	16414.5	16263.5	17345.5	20297.0	21177.0	22425.0	23393.5	23643.0	22394.0	24372.0	24242.5	25158.5	25217.0	25670.0	25789.5	26126.5	27370.0	27529.5	26196.0	27308.0	27807.0	26859.5	26714.5	26246.0	24674.5	24647.0	24572.0	24802.5	22857.5	21448.5	21281.0	20809.5	19573.0	19701.0	18201.5	18366.5	16487.0	15702.5	15470.0	13575.0	12917.5	13471.5	11360.5	10681.0	11150.5	9102.5	9487.5	9852.0	8262.5	8923.5	8762.5	6811.5	6965.5	7598.5	7464.5	7392.0	6775.5	5248.5	5400.0	6382.0
continuous	6_continuous_sim timeseries stacks_zmax	TIMES:	0.0	0.5	1.0	1.5	2.0	2.5	3.0	3.5	4.0	4.5	5.0	5.5	6.0	6.5	7.0	7.5	8.0	8.5	9.0	9.5	10.0	10.5	11.0	11.5	12.0	12.5	13.0	13.5	14.0	14.5	15.0	15.5	16.0	16.5	17.0	17.5	18.0	18.5	19.0	19.5	20.0	20.5	21.0	21.5	22.0	22.5	23.0	23.5	24.0	24.5	25.0	25.5	26.0	26.5	27.0	27.5	28.0	28.5	29.0	29.5	30.0	30.5	31.0	31.5	32.0	32.5	33.0	33.5	34.0	34.5	35.0	35.5	36.0	36.5	37.0
continuous	6_continuous_sim timeseries stacks_zmax	COUNTS:	2	1	1	1	1	1	13	33	44	59	78	87	96	101	118	115	129	133	135	136	136	140	144	144	143	143	145	144	154	155	149	168	154	153	159	152	158	150	149	152	152	150	149	140	157	147	152	140	139	136	140	132	129	133	127	114	119	113	93	102	99	81	83	84	83	77	81	85	73	83	70	70	69	63	62
continuous	6_continuous_sim timeseries stacks_zmax	TOTALINTS:	229.0	142.0	89.0	93.0	98.0	100.0	1316.0	3244.0	5191.0	7105.0	9072.0	10629.0	12113.0	13072.0	15092.0	15316.0	17411.0	17899.0	18506.0	18515.0	19215.0	19644.0	20531.0	20820.0	20477.0	20789.0	20360.5	21401.0	22340.0	22022.0	21128.0	23416.0	22605.0	22097.0	22649.0	21392.0	22133.0	21469.0	21228.0	21472.0	20897.0	20101.0	19968.0	18937.0	20770.0	19702.0	20196.0	18568.0	18291.0	17347.0	18902.0	17198.0	17011.0	16415.0	16084.0	13813.0	14107.0	13877.0	11268.0	11626.0	11109.0	9487.0	9548.0	9472.0	9229.0	8780.0	9135.0	9941.0	8537.0	9549.0	8320.0	8138.0	8206.0	7721.0	7271.0
continuous	7_continuous_sim timeseries stacks_zmax	TIMES:	0.0	0.5	1.0	1.5	2.0	2.5	3.0	3.5	4.0	4.5	5.0	5.5	6.0	6.5	7.0	7.5	8.0	8.5	9.0	9.5	10.0	10.5	11.0	11.5	12.0	12.5	13.0	13.5	14.0	14.5	15.0	15.5	16.0	16.5	17.0	17.5	18.0	18.5	19.0	19.5	20.0	20.5	21.0	21.5	22.0	22.5	23.0	23.5	24.0	24.5	25.0	25.5	26.0	26.5	27.0	27.5	28.0	28.5	29.0	29.5	30.0	30.5	31.0	31.5	32.0	32.5	33.0	33.5	34.0	34.5	35.0	35.5	36.0	36.5	37.0	37.5	38.0	38.5	39.0	39.5
continuous	7_continuous_sim timeseries stacks_zmax	COUNTS:	1	1	1	1	2	6	11	9	20	28	33	38	49	54	63	66	73	75	79	82	78	87	93	88	92	90	102	97	100	98	101	101	94	96	98	96	100	94	93	91	91	89	97	88	88	88	82	82	84	76	80	83	59	63	56	53	46	48	49	36	37	38	35	34	37	36	33	30	30	27	24	32	30	31	37	32	38	37	38	33
continuous	7_continuous_sim timeseries stacks_zmax	TOTALINTS:	108.0	87.0	88.0	134.0	182.0	532.0	1240.0	947.0	2048.0	3032.0	3710.0	4274.0	5490.0	6093.0	7055.0	7759.0	8278.0	8823.0	9867.0	10086.0	9678.0	10672.0	11617.0	10977.0	11225.0	11517.0	12754.0	12465.0	12611.0	12882.0	12672.0	12609.0	12696.0	12662.0	12957.0	12308.0	12828.0	12120.0	11814.0	12016.0	11518.0	11595.0	12144.0	11000.0	11120.0	11080.0	10771.0	10464.0	10465.0	9570.0	9809.0	9394.0	6872.0	7461.0	6757.0	5831.0	5237.0	5188.0	5176.0	3930.0	4046.0	4103.0	3960.0	3914.0	3975.0	3897.0	3491.0	3330.0	3643.0	3244.0	2756.0	3686.0	3397.0	3490.0	4428.0	3911.0	4654.0	4814.0	4815.0	4072.0
hairless-KO	1_hairless-KO_H2_sim timeseries stacks_zmax	TIMES:	0.0	0.5	1.0	1.5	2.0	2.5	3.0	3.5	4.0	4.5	5.0	5.5	6.0	6.5	7.0	7.5	8.0	8.5	9.0	9.5	10.0	10.5	11.0	11.5	12.0	12.5	13.0	13.5	14.0	14.5	15.0	15.5	16.0	16.5	17.0	17.5	18.0	18.5	19.0	19.5	20.0	20.5	21.0	21.5	22.0	22.5	23.0	23.5	24.0	24.5	25.0	25.5	26.0	26.5	27.0	27.5	28.0	28.5	29.0	29.5	30.0	30.5	31.0	31.5	32.0
hairless-KO	1_hairless-KO_H2_sim timeseries stacks_zmax	COUNTS:	1	1	1	2	9	20	56	88	114	120	144	159	151	158	166	156	164	174	183	175	176	180	180	182	179	163	171	169	167	175	163	159	163	161	156	149	143	149	143	147	145	126	123	126	113	113	120	120	110	109	104	101	84	71	76	77	73	75	58	56	54	49	44	50	45
hairless-KO	1_hairless-KO_H2_sim timeseries stacks_zmax	TOTALINTS:	103.0	162.0	106.0	200.0	815.0	1973.0	5543.0	9287.0	11777.0	13349.0	15455.0	16925.0	16647.0	17348.0	18441.0	17439.0	18225.0	18979.0	20139.0	19464.0	19410.0	20344.0	20757.0	20752.0	19937.0	18679.0	18799.0	18383.0	18419.0	18860.0	17195.0	17668.0	17751.0	17784.0	17177.0	17039.0	16032.0	16247.0	14633.0	14699.0	14786.0	13074.0	12939.0	13571.0	11332.0	11451.0	11904.0	11948.0	11067.0	10363.0	10243.0	9465.0	7954.0	6411.0	6755.0	6587.0	6571.0	6904.0	5329.0	5340.0	5076.0	4883.0	4390.0	5031.0	4483.0
hairless-KO	2_hairless-KO_H2_sim timeseries stacks_zmax	TIMES:	0.0	0.5	1.0	1.5	2.0	2.5	3.0	3.5	4.0	4.5	5.0	5.5	6.0	6.5	7.0	7.5	8.0	8.5	9.0	9.5	10.0	10.5	11.0	11.5	12.0	12.5	13.0	13.5	14.0	14.5	15.0	15.5	16.0	16.5	17.0	17.5	18.0	18.5	19.0	19.5	20.0	20.5	21.0	21.5	22.0	22.5	23.0	23.5	24.0	24.5	25.0	25.5	26.0	26.5	27.0	27.5	28.0	28.5	29.0	29.5	30.0	30.5	31.0	31.5	32.0
hairless-KO	2_hairless-KO_H2_sim timeseries stacks_zmax	COUNTS:	1	2	6	7	15	22	39	59	88	106	131	149	164	177	198	204	215	216	230	237	246	248	267	266	265	265	266	258	263	267	265	260	254	266	263	263	268	253	251	244	246	238	235	234	233	235	224	222	215	212	209	200	194	186	176	166	165	163	153	150	153	150	144	138	136
hairless-KO	2_hairless-KO_H2_sim timeseries stacks_zmax	TOTALINTS:	132.0	218.0	728.0	832.0	1713.0	2549.0	4672.0	7175.0	10988.0	13624.0	17279.0	19761.0	22354.0	24668.0	27803.0	28503.0	31253.0	31305.0	33953.0	34750.0	35659.0	36435.0	39168.0	37920.0	38550.0	38838.0	39686.0	37748.0	38493.0	39005.0	38195.0	36879.0	36424.0	37653.0	36712.0	36921.0	37234.0	35419.0	34092.0	33671.0	33554.0	32444.0	31755.0	31897.0	31650.0	32508.0	30449.0	30075.0	29372.0	28074.0	27456.0	26050.0	25444.0	24025.0	23043.0	21819.0	21450.0	20820.0	19752.0	19489.0	19467.0	18898.0	17744.0	17452.0	17266.0
hairless-KO	3_hairless-KO_H2_sim timeseries stacks_zmax	TIMES:	0.0	0.5	1.0	1.5	2.0	2.5	3.0	3.5	4.0	4.5	5.0	5.5	6.0	6.5	7.0	7.5	8.0	8.5	9.0	9.5	10.0	10.5	11.0	11.5	12.0	12.5	13.0	13.5	14.0	14.5	15.0	15.5	16.0	16.5	17.0	17.5	18.0	18.5	19.0	19.5	20.0	20.5	21.0	21.5	22.0	22.5	23.0	23.5	24.0	24.5	25.0	25.5	26.0	26.5	27.0	27.5	28.0	28.5	29.0	29.5	30.0	30.5	31.0	31.5	32.0
hairless-KO	3_hairless-KO_H2_sim timeseries stacks_zmax	COUNTS:	3	2	4	7	19	37	79	116	157	181	206	226	231	257	261	256	271	281	281	279	279	275	274	268	257	255	257	258	243	231	225	223	215	215	203	194	197	206	186	177	168	170	171	172	177	181	177	157	139	135	140	132	132	132	127	125	117	119	125	105	100	96	98	96	86
hairless-KO	3_hairless-KO_H2_sim timeseries stacks_zmax	TOTALINTS:	275.0	166.0	340.0	614.0	1961.0	3818.0	8864.0	13323.0	19001.0	22431.0	25843.0	28625.0	29452.0	32975.0	34399.0	33781.0	35383.0	36419.0	35750.0	35850.0	35865.0	35307.0	36345.0	33895.0	33550.0	32834.0	33287.0	32665.0	30070.0	29916.0	27864.0	28496.0	26465.0	26344.0	25094.0	24221.0	24289.0	25385.0	22368.0	21622.0	20393.0	20878.0	20478.0	20417.0	21093.0	21132.0	21218.0	18309.0	16578.0	16040.0	16388.0	15411.0	14782.0	15214.0	14445.0	14351.0	13292.0	13431.0	13478.0	11547.0	11287.0	10701.0	10031.0	10124.0	9212.0
hairless-KO	4_hairless-KO_H2_sim timeseries stacks_zmax	TIMES:	0.0	0.5	1.0	1.5	2.0	2.5	3.0	3.5	4.0	4.5	5.0	5.5	6.0	6.5	7.0	7.5	8.0	8.5	9.0	9.5	10.0	10.5	11.0	11.5	12.0	12.5	13.0	13.5	14.0	14.5	15.0	15.5	16.0	16.5	17.0	17.5	18.0	18.5	19.0	19.5	20.0	20.5	21.0	21.5	22.0	22.5	23.0	23.5	24.0	24.5	25.0	25.5	26.0	26.5	27.0	27.5	28.0	28.5	29.0	29.5	30.0	30.5	31.0	31.5	32.0
hairless-KO	4_hairless-KO_H2_sim timeseries stacks_zmax	COUNTS:	1	2	9	12	27	48	81	93	116	134	162	178	200	211	203	212	214	205	210	217	208	204	202	177	166	167	160	153	144	153	157	147	135	133	124	113	120	109	107	99	92	103	98	91	81	88	92	93	88	87	92	92	84	79	67	62	68	78	67	66	67	70	74	65	68
hairless-KO	4_hairless-KO_H2_sim timeseries stacks_zmax	TOTALINTS:	105.0	182.0	796.0	1262.0	2863.0	5565.0	8762.0	10576.0	13764.0	15654.0	19471.0	22201.0	25185.0	26328.0	25195.0	25952.0	26707.0	25502.0	26032.0	27636.0	26145.0	25804.0	25242.0	21867.0	21061.0	20038.0	19570.0	18420.0	17464.0	17742.0	18407.0	16929.0	15677.0	15273.0	14020.0	13791.0	13534.0	12792.0	12249.0	11538.0	10221.0	11487.0	10807.0	10716.0	9402.0	10223.0	10344.0	10358.0	9889.0	9713.0	9925.0	10076.0	8613.0	8391.0	7061.0	6829.0	7592.0	7978.0	7468.0	7400.0	7142.0	7574.0	7964.0	7194.0	7165.0
hairless-KO	5_hairless-KO_H2_sim timeseries stacks_zmax	TIMES:	0.0	0.5	1.0	1.5	2.0	2.5	3.0	3.5	4.0	4.5	5.0	5.5	6.0	6.5	7.0	7.5	8.0	8.5	9.0	9.5	10.0	10.5	11.0	11.5	12.0	12.5	13.0	13.5	14.0	14.5	15.0	15.5	16.0	16.5	17.0	17.5	18.0	18.5	19.0	19.5	20.0	20.5	21.0	21.5	22.0	22.5	23.0	23.5	24.0	24.5	25.0	25.5	26.0	26.5	27.0	27.5	28.0	28.5	29.0	29.5	30.0	30.5	31.0	31.5	32.0
hairless-KO	5_hairless-KO_H2_sim timeseries stacks_zmax	COUNTS:	0	1	1	3	10	20	38	59	85	99	109	115	131	135	149	154	145	147	156	154	162	170	171	168	176	172	168	166	165	172	166	164	161	159	156	153	150	149	152	145	140	140	149	132	128	129	117	121	122	115	108	113	115	110	112	111	100	96	97	94	89	78	85	79	79
hairless-KO	5_hairless-KO_H2_sim timeseries stacks_zmax	TOTALINTS:	0.0	110.0	97.0	275.0	1133.0	2347.0	4389.0	6906.0	10820.0	12605.0	14612.0	15570.0	17493.0	17779.0	20615.0	21252.0	20462.0	20938.0	21563.0	22072.0	23667.0	24127.0	23936.0	24028.0	25261.0	23812.0	23490.0	22630.0	23809.0	23340.0	23603.0	22315.0	22170.0	22243.0	21905.0	20535.0	19986.0	19896.0	19937.0	19261.0	19099.0	18880.0	19712.0	17591.0	17439.0	16842.0	15959.0	15965.0	16316.0	15050.0	14147.0	15013.0	14434.0	14261.0	14193.0	14688.0	12918.0	12417.0	12648.0	12296.0	11161.0	10848.0	10879.0	10296.0	10429.0
hairless-Hpm	1_hairless-Hpm_sim timeseries stacks_zmax	TIMES:	0.0	0.5	1.0	1.5	2.0	2.5	3.0	3.5	4.0	4.5	5.0	5.5	6.0	6.5	7.0	7.5	8.0	8.5	9.0	9.5	10.0	10.5	11.0	11.5	12.0	12.5	13.0	13.5	14.0	14.5	15.0	15.5	16.0	16.5	17.0	17.5	18.0	18.5	19.0	19.5	20.0	20.5	21.0	21.5	22.0	22.5	23.0	23.5	24.0	24.5	25.0	25.5	26.0	26.5	27.0	27.5	28.0	28.5	29.0	29.5	30.0	30.5	31.0	31.5	32.0
hairless-Hpm	1_hairless-Hpm_sim timeseries stacks_zmax	COUNTS:	68	86	99	139	188	223	284	309	329	343	340	362	362	362	381	385	387	391	387	384	385	372	360	359	339	341	326	319	324	315	299	298	284	280	269	263	267	270	266	267	276	266	266	266	265	267	271	266	263	268	264	267	260	222	233	244	226	217	204	204	211	196	196	192	190
hairless-Hpm	1_hairless-Hpm_sim timeseries stacks_zmax	TOTALINTS:	8006.0	10114.0	11462.0	15754.0	22890.0	28448.0	37070.0	40569.0	45282.0	48403.0	48507.0	50612.0	51838.0	52497.0	54985.0	54756.0	56136.0	55026.0	54955.0	54272.0	54027.0	51610.0	50323.0	50190.0	46933.0	46788.0	44802.0	44334.0	43420.0	41612.0	39747.0	39546.0	38626.0	37727.0	36465.0	35140.0	36351.0	36056.0	36059.0	34884.0	36735.0	34687.0	35275.0	35394.0	35059.0	35152.0	35973.0	33833.5	33872.0	33525.0	33497.0	32813.0	31062.0	26877.0	28192.0	28388.0	26417.0	24412.0	23318.0	23184.0	22896.0	22119.0	22179.0	21347.0	20614.0
hairless-Hpm	2_hairless-Hpm_sim timeseries stacks_zmax	TIMES:	0.0	0.5	1.0	1.5	2.0	2.5	3.0	3.5	4.0	4.5	5.0	5.5	6.0	6.5	7.0	7.5	8.0	8.5	9.0	9.5	10.0	10.5	11.0	11.5	12.0	12.5	13.0	13.5	14.0	14.5	15.0	15.5	16.0	16.5	17.0	17.5	18.0	18.5	19.0	19.5	20.0	20.5	21.0	21.5	22.0	22.5	23.0	23.5	24.0	24.5	25.0	25.5	26.0	26.5	27.0	27.5	28.0	28.5	29.0	29.5	30.0	30.5	31.0	31.5	32.0
hairless-Hpm	2_hairless-Hpm_sim timeseries stacks_zmax	COUNTS:	0	0	0	0	2	0	6	6	17	25	42	54	68	84	98	113	124	145	148	163	181	189	200	212	219	238	257	262	273	279	279	278	284	286	291	283	280	280	271	267	268	264	259	259	246	237	231	215	215	226	210	206	191	187	176	182	175	175	163	173	178	166	161	169	167
hairless-Hpm	2_hairless-Hpm_sim timeseries stacks_zmax	TOTALINTS:	0.0	0.0	0.0	0.0	204.0	0.0	601.0	581.0	1870.0	2628.0	4481.0	5894.0	7568.0	9521.0	11677.0	12820.0	14615.0	17199.0	18544.0	19588.0	21848.0	22973.0	24379.0	26170.0	27636.0	29778.0	32871.0	32707.0	34998.0	35555.0	35445.0	35367.0	35889.0	35267.0	37648.0	36577.0	36428.0	35080.0	34639.0	33767.0	32428.0	31819.0	31381.0	30959.0	29783.0	28731.0	27572.0	25390.0	25669.0	26430.0	24693.0	24780.0	22299.0	21826.0	20207.0	20834.0	19633.0	19966.0	19107.0	19593.0	20371.0	18969.0	17843.0	19087.0	18463.0
hairless-Hpm	3_hairless-Hpm_sim timeseries stacks_zmax	TIMES:	0.0	0.5	1.0	1.5	2.0	2.5	3.0	3.5	4.0	4.5	5.0	5.5	6.0	6.5	7.0	7.5	8.0	8.5	9.0	9.5	10.0	10.5	11.0	11.5	12.0	12.5	13.0	13.5	14.0	14.5	15.0	15.5	16.0	16.5	17.0	17.5	18.0	18.5	19.0	19.5	20.0	20.5	21.0	21.5	22.0	22.5	23.0	23.5	24.0	24.5	25.0	25.5	26.0	26.5	27.0	27.5	28.0	28.5	29.0	29.5	30.0	30.5	31.0	31.5	32.0
hairless-Hpm	3_hairless-Hpm_sim timeseries stacks_zmax	COUNTS:	0	0	1	2	4	7	20	35	58	91	120	139	159	196	202	203	219	234	241	258	255	255	271	265	281	276	298	308	310	308	309	302	297	292	277	279	262	257	256	254	243	264	258	234	224	229	226	235	237	230	223	217	216	207	210	216	216	213	215	214	213	197	191	181	177
hairless-Hpm	3_hairless-Hpm_sim timeseries stacks_zmax	TOTALINTS:	0.0	0.0	86.0	189.0	357.0	689.0	2078.0	4044.0	6700.0	10460.0	13761.0	15919.0	18696.0	22948.0	24385.0	24201.0	26664.0	28385.0	29183.0	32256.0	31879.0	31994.0	34349.0	33704.0	35102.0	33968.5	37541.0	38534.0	39459.0	38731.0	38586.0	37322.0	37408.0	35987.0	33924.0	33711.0	31663.0	31196.0	30583.0	30373.0	29768.0	31967.0	31426.0	28270.0	26307.0	27272.0	26248.0	26818.0	27411.0	26220.0	25667.0	25467.0	25445.0	24173.0	24525.0	24694.0	24952.0	24331.0	24469.0	24084.0	23557.0	22320.0	21045.0	20190.0	19599.0
hairless-Hpm	4_hairless-Hpm_sim timeseries stacks_zmax	TIMES:	0.0	0.5	1.0	1.5	2.0	2.5	3.0	3.5	4.0	4.5	5.0	5.5	6.0	6.5	7.0	7.5	8.0	8.5	9.0	9.5	10.0	10.5	11.0	11.5	12.0	12.5	13.0	13.5	14.0	14.5	15.0	15.5	16.0	16.5	17.0	17.5	18.0	18.5	19.0	19.5	20.0	20.5	21.0	21.5	22.0	22.5	23.0	23.5	24.0	24.5	25.0	25.5	26.0	26.5	27.0	27.5	28.0	28.5	29.0	29.5	30.0	30.5	31.0	31.5	32.0
hairless-Hpm	4_hairless-Hpm_sim timeseries stacks_zmax	COUNTS:	64	82	104	167	241	300	344	359	374	397	404	410	425	425	426	435	434	442	432	425	414	411	411	382	384	362	353	337	324	322	313	294	282	263	256	259	241	235	240	241	214	208	200	198	214	200	199	196	215	201	190	193	182	190	186	192	179	178	187	173	159	153	158	138	130
hairless-Hpm	4_hairless-Hpm_sim timeseries stacks_zmax	TOTALINTS:	6850.0	9263.0	11625.0	18913.0	28803.0	37309.0	44493.0	48300.0	49983.0	53110.0	55313.0	55988.0	58397.0	58037.0	58335.0	60660.0	59291.0	59873.0	58487.0	58163.0	56257.0	54602.0	55807.0	50607.0	50804.0	46575.0	45470.0	43363.0	41330.0	40004.0	39308.0	37160.0	35040.0	32390.0	31634.0	31664.0	29239.0	28500.0	28467.0	28423.0	25965.0	24931.0	23564.0	23219.0	25637.0	24564.0	24096.0	23080.0	25333.0	23440.0	22754.0	22596.0	21045.0	21464.0	21316.0	21936.0	20511.0	20207.0	20423.0	18649.0	16454.0	16051.0	16229.0	14156.0	13313.0
hairless-Hpm	5_hairless-Hpm_sim timeseries stacks_zmax	TIMES:	0.0	0.5	1.0	1.5	2.0	2.5	3.0	3.5	4.0	4.5	5.0	5.5	6.0	6.5	7.0	7.5	8.0	8.5	9.0	9.5	10.0	10.5	11.0	11.5	12.0	12.5	13.0	13.5	14.0	14.5	15.0	15.5	16.0	16.5	17.0	17.5	18.0	18.5	19.0	19.5	20.0	20.5	21.0	21.5	22.0	22.5	23.0	23.5	24.0	24.5	25.0	25.5	26.0	26.5	27.0	27.5	28.0	28.5	29.0	29.5	30.0	30.5	31.0	31.5	32.0
hairless-Hpm	5_hairless-Hpm_sim timeseries stacks_zmax	COUNTS:	2	2	4	5	5	16	37	46	73	87	114	113	132	137	158	177	188	194	203	194	206	212	217	227	236	227	240	236	235	247	237	230	240	231	239	224	215	207	204	191	179	164	165	174	159	142	143	144	128	136	130	118	116	113	98	103	102	97	87	80	83	68	73	66	69
hairless-Hpm	5_hairless-Hpm_sim timeseries stacks_zmax	TOTALINTS:	240.0	222.0	511.0	513.0	566.0	1628.0	3629.0	4891.0	8343.0	9888.0	12773.0	13565.0	15715.0	16516.0	18752.0	20778.0	22406.0	22907.0	24763.0	24080.0	24799.0	25446.0	25918.0	27925.0	28104.0	27354.0	29053.0	28406.0	27880.0	29302.0	28402.0	27645.0	28890.0	27539.0	27941.0	26112.0	24142.0	24424.0	23011.0	21903.0	19928.0	19114.0	19008.0	19160.0	16824.0	15624.0	15064.0	15532.0	13588.0	14400.0	14107.0	12614.0	12392.0	11651.0	10129.0	10771.0	10041.0	9693.0	8599.0	7967.0	8056.0	7048.0	7252.0	6403.0	6748.0
hairless-Hpm	6_hairless-Hpm_sim timeseries stacks_zmax	TIMES:	0.0	0.5	1.0	1.5	2.0	2.5	3.0	3.5	4.0	4.5	5.0	5.5	6.0	6.5	7.0	7.5	8.0	8.5	9.0	9.5	10.0	10.5	11.0	11.5	12.0	12.5	13.0	13.5	14.0	14.5	15.0	15.5	16.0	16.5	17.0	17.5	18.0	18.5	19.0	19.5	20.0	20.5	21.0	21.5	22.0	22.5	23.0	23.5	24.0	24.5	25.0	25.5	26.0	26.5	27.0	27.5	28.0	28.5	29.0	29.5	30.0	30.5	31.0	31.5	32.0
hairless-Hpm	6_hairless-Hpm_sim timeseries stacks_zmax	COUNTS:	30	35	35	62	87	115	167	199	226	234	251	267	291	288	304	303	312	313	316	315	307	307	305	302	281	281	282	278	265	278	274	258	248	220	209	217	209	187	171	164	163	167	159	152	154	164	164	155	148	146	135	126	122	116	118	109	104	99	96	83	81	76	65	65	62
hairless-Hpm	6_hairless-Hpm_sim timeseries stacks_zmax	TOTALINTS:	3131.0	3400.0	3777.0	6441.0	9176.0	12409.0	18982.0	22348.0	26709.0	28233.0	30100.0	32035.0	35286.0	34849.0	36904.0	36651.0	37964.0	37833.0	39454.0	37402.0	37444.0	37902.0	37075.0	36499.0	34642.0	34233.0	34318.0	33500.0	31301.0	33514.0	31459.0	29851.0	28703.0	25498.0	23712.0	24619.0	23129.0	20474.0	18703.0	17950.0	16718.0	17519.0	16718.0	16738.0	16443.0	17323.0	16745.0	15813.0	14888.0	14811.0	13927.0	13214.0	12259.0	11705.0	11528.0	10535.0	9888.0	9207.0	8862.0	7980.0	7395.0	7017.0	6067.0	6150.0	5512.0
late	1_late_sim timeseries stacks_zmax	TIMES:	0.0	0.5	1.0	1.5	2.0	2.5	3.0	3.5	4.0	4.5	5.0	5.5	6.0	6.5	7.0	7.5	8.0	8.5	9.0	9.5	10.0	10.5	11.0
late	1_late_sim timeseries stacks_zmax	COUNTS:	36	42	40	47	45	64	82	97	108	111	125	140	154	157	167	171	166	168	163	170	172	166	170
late	1_late_sim timeseries stacks_zmax	TOTALINTS:	5415.0	6176.5	5986.0	6927.5	6702.0	8956.5	11534.0	13574.0	15069.5	15638.5	17391.0	19149.5	21480.5	21045.5	22863.5	22988.0	22724.5	22881.0	22464.5	23060.5	23331.5	23059.5	23660.5
late	2_late_sim timeseries stacks_zmax	TIMES:	0.0	0.5	1.0	1.5	2.0	2.5	3.0	3.5	4.0	4.5	5.0	5.5	6.0	6.5	7.0	7.5	8.0	8.5	9.0	9.5	10.0	10.5	11.0
late	2_late_sim timeseries stacks_zmax	COUNTS:	19	16	16	26	47	57	88	104	121	137	141	146	141	152	162	173	182	190	203	207	198	208	188
late	2_late_sim timeseries stacks_zmax	TOTALINTS:	2410.0	2045.0	2048.5	3316.5	5812.5	7438.5	11719.5	13538.5	16255.5	18375.5	18649.0	19314.0	18754.5	20478.5	21369.0	23350.0	25120.0	25892.5	27036.5	28854.5	27173.5	28066.5	25831.5
late	3_late_sim timeseries stacks_zmax	TIMES:	0.0	0.5	1.0	1.5	2.0	2.5	3.0	3.5	4.0	4.5	5.0	5.5	6.0	6.5	7.0	7.5	8.0	8.5	9.0	9.5	10.0	10.5	11.0
late	3_late_sim timeseries stacks_zmax	COUNTS:	15	16	20	27	33	48	67	77	93	106	109	112	119	121	125	120	128	121	134	149	160	158	161
late	3_late_sim timeseries stacks_zmax	TOTALINTS:	2044.5	2262.0	2693.0	3528.5	4518.0	6689.0	9356.0	10788.5	12913.5	14644.5	15164.0	15700.5	16639.0	17170.0	17273.5	16688.0	17649.0	17040.5	18552.5	20213.0	21500.5	21698.5	21998.0
late	4_late_sim timeseries stacks_zmax	TIMES:	0.0	0.5	1.0	1.5	2.0	2.5	3.0	3.5	4.0	4.5	5.0	5.5	6.0	6.5	7.0	7.5	8.0	8.5	9.0	9.5	10.0
late	4_late_sim timeseries stacks_zmax	COUNTS:	32	37	39	41	52	60	72	85	89	98	82	91	94	85	84	100	100	94	95	100	114
late	4_late_sim timeseries stacks_zmax	TOTALINTS:	4443.0	5256.5	5366.0	5568.0	6971.5	7874.0	9410.5	10868.0	11738.0	12363.0	10831.0	11851.0	12471.0	11201.0	11337.5	13110.5	12967.0	12465.5	12938.0	13311.0	14893.5
late	5_late_sim timeseries stacks_zmax	TIMES:	0.0	0.5	1.0	1.5	2.0	2.5	3.0	3.5	4.0	4.5	5.0	5.5	6.0	6.5	7.0	7.5	8.0	8.5	9.0	9.5	10.0	10.5	11.0
late	5_late_sim timeseries stacks_zmax	COUNTS:	16	17	20	24	30	45	54	55	64	72	75	81	97	105	105	108	108	110	106	101	109	113	109
late	5_late_sim timeseries stacks_zmax	TOTALINTS:	2015.5	2109.5	2658.0	3133.5	4086.5	5733.5	7014.0	7487.0	8581.5	9361.5	10202.5	11098.0	12393.0	13829.5	13830.5	13793.0	14337.0	14667.5	13922.0	13093.5	14336.5	14902.0	14366.0
pulsatile	1_pulsatile_sim timeseries stacks_zmax	TIMES:	0.0	0.5	1.0	1.5	2.0	2.5	3.0	3.5	4.0	4.5	14.5	15.0	15.5	16.0	16.5	17.0	17.5	18.0	18.5	19.0	29.0	29.5	30.0	30.5	31.0	31.5
pulsatile	1_pulsatile_sim timeseries stacks_zmax	COUNTS:	3	2	4	4	5	5	23	47	77	93	148	147	143	146	161	176	183	192	211	217	143	138	146	143	163	176
pulsatile	1_pulsatile_sim timeseries stacks_zmax	TOTALINTS:	427.5	283.0	487.5	486.5	664.5	660.0	2999.5	6338.5	11243.5	13963.0	23183.0	22950.5	21617.5	22424.0	24710.0	26588.0	28439.0	29671.5	32719.5	32894.5	22233.5	21035.0	21549.0	21909.5	24424.0	26717.0
pulsatile	2_pulsatile_sim timeseries stacks_zmax	TIMES:	0.0	0.5	1.0	1.5	2.0	2.5	3.0	3.5	4.0	4.5	14.5	15.0	15.5	16.0	16.5	17.0	17.5	18.0	18.5	19.0	29.0	29.5	30.0	30.5	31.0	31.5	32.0
pulsatile	2_pulsatile_sim timeseries stacks_zmax	COUNTS:	0	0	1	1	2	9	19	30	55	74	138	135	132	133	134	141	141	143	153	147	137	136	138	134	133	137	137
pulsatile	2_pulsatile_sim timeseries stacks_zmax	TOTALINTS:	0.0	0.0	105.0	106.5	216.5	1062.5	2260.5	3784.5	6962.5	9363.5	19364.5	19154.0	18620.0	18888.0	18698.0	19387.0	19866.0	20358.5	20553.5	19855.0	18679.0	18743.0	18805.5	18560.5	18026.5	18756.5	18500.5
pulsatile	3_pulsatile_sim timeseries stacks_zmax	TIMES:	0.0	0.5	1.0	1.5	2.0	2.5	3.0	3.5	4.0	4.5	14.5	15.0	15.5	16.0	16.5	17.0	17.5	18.0	18.5	19.0	29.0	29.5	30.0	30.5	31.0	31.5	32.0
pulsatile	3_pulsatile_sim timeseries stacks_zmax	COUNTS:	0	1	1	3	3	12	26	32	56	62	130	130	113	136	141	150	145	155	152	166	150	136	134	125	131	135	150
pulsatile	3_pulsatile_sim timeseries stacks_zmax	TOTALINTS:	0.0	112.0	129.0	340.5	399.0	1549.5	3513.0	4586.0	7454.0	8886.5	19378.0	18842.0	17181.0	19768.5	20592.5	21714.5	21542.5	22962.0	22450.5	24568.5	21908.0	19778.5	19917.5	18013.5	18636.0	19425.0	21230.5
pulsatile	4_pulsatile_sim timeseries stacks_zmax	TIMES:	0.0	0.5	1.0	1.5	2.0	2.5	3.0	3.5	4.0	4.5	14.5	15.0	15.5	16.0	16.5	17.0	17.5	18.0	18.5	19.0	29.0	29.5	30.0	30.5	31.0	31.5	32.0
pulsatile	4_pulsatile_sim timeseries stacks_zmax	COUNTS:	1	2	1	2	2	2	5	13	33	42	52	46	49	51	65	76	88	96	106	113	72	76	86	81	90	107	108
pulsatile	4_pulsatile_sim timeseries stacks_zmax	TOTALINTS:	182.5	338.5	196.0	299.0	309.5	314.0	710.0	1739.5	4390.0	5813.0	7409.0	6690.0	7131.5	7329.0	9220.5	11153.5	13094.0	14278.0	15575.5	16483.5	10017.5	10638.0	11713.0	11458.0	13061.5	14893.0	15070.5
pulsatile	5_pulsatile_sim timeseries stacks_zmax	TIMES:	0.0	0.5	1.0	1.5	2.0	2.5	3.0	3.5	4.0	4.5	14.5	15.0	15.5	16.0	16.5	17.0	17.5	18.0	18.5	19.0	29.0	29.5	30.0	30.5	31.0	31.5	32.0
pulsatile	5_pulsatile_sim timeseries stacks_zmax	COUNTS:	0	1	2	0	2	5	14	23	37	47	58	58	63	64	70	85	90	107	110	123	68	70	68	81	87	96	101
pulsatile	5_pulsatile_sim timeseries stacks_zmax	TOTALINTS:	0.0	112.0	207.0	0.0	214.0	556.0	1557.5	2722.0	4659.0	5979.5	7871.5	7566.0	7838.0	8119.0	9184.5	11340.5	12235.0	14562.0	15319.5	16704.5	9040.5	9212.0	8770.5	10223.0	11138.0	12411.0	13245.0
Twist-OE	1_Twist-OE_sim timeseries stacks_zmax	TIMES:	0.0	0.5	1.0	1.5	2.0	2.5	3.0	3.5	4.0	4.5	5.0	5.5	6.0	6.5	7.0	7.5	8.0	8.5	9.0	9.5	10.0	10.5	11.0	11.5	12.0	12.5	13.0	13.5	14.0	14.5	15.0	15.5	16.0	16.5	17.0	17.5	18.0	18.5	19.0	19.5	20.0	20.5	21.0	21.5	22.0	22.5	23.0	23.5	24.0	24.5	25.0	25.5	26.0	26.5	27.0	27.5	28.0	28.5	29.0	29.5	30.0	30.5	31.0	31.5	32.0
Twist-OE	1_Twist-OE_sim timeseries stacks_zmax	COUNTS:	2	3	3	2	11	25	61	84	115	131	148	160	163	170	175	173	176	185	187	183	182	183	183	187	189	189	190	196	194	190	193	193	188	190	199	199	195	201	197	194	187	179	181	175	196	179	173	173	159	164	168	162	155	142	141	149	142	142	139	139	153	148	146	149	144
Twist-OE	1_Twist-OE_sim timeseries stacks_zmax	TOTALINTS:	209.0	254.0	280.0	201.0	1048.0	2310.0	6406.0	8897.0	13436.0	15717.0	17761.0	20590.0	20994.0	21827.0	22762.0	22683.0	23677.0	25292.0	25178.0	25149.0	24967.0	25126.0	24648.0	24953.0	24972.0	25121.0	25777.0	26677.0	26356.0	25636.0	26734.0	26141.0	25499.0	25501.0	26338.0	26708.0	25754.0	26700.0	25712.0	24935.0	24542.0	23675.0	24033.0	22431.0	25251.0	23369.0	21740.0	21888.0	20094.0	20945.0	20897.0	19749.0	18703.0	17828.0	17319.0	18376.0	17289.0	17156.0	16655.0	16995.0	17670.0	17067.0	16605.0	17005.0	16476.0
Twist-OE	2_Twist-OE_sim timeseries stacks_zmax	TIMES:	0.0	0.5	1.0	1.5	2.0	2.5	3.0	3.5	4.0	4.5	5.0	5.5	6.0	6.5	7.0	7.5	8.0	8.5	9.0	9.5	10.0	10.5	11.0	11.5	12.0	12.5	13.0	13.5	14.0	14.5	15.0	15.5	16.0	16.5	17.0	17.5	18.0	18.5	19.0	19.5	20.0	20.5	21.0	21.5	22.0	22.5	23.0	23.5	24.0	24.5	25.0	25.5	26.0	26.5	27.0	27.5	28.0	28.5	29.0	29.5	30.0	30.5	31.0	31.5	32.0
Twist-OE	2_Twist-OE_sim timeseries stacks_zmax	COUNTS:	2	1	0	2	5	16	31	52	82	102	129	143	168	188	187	199	211	216	235	237	252	271	271	290	288	302	295	304	305	307	321	333	333	325	349	340	344	343	353	340	350	354	359	366	357	347	351	326	339	331	323	314	297	304	293	278	283	294	260	267	259	256	259	263	257
Twist-OE	2_Twist-OE_sim timeseries stacks_zmax	TOTALINTS:	219.0	87.0	0.0	232.0	488.0	1707.0	3526.0	6250.0	10326.0	12718.0	16969.0	19009.0	23139.0	25919.0	27183.0	28419.0	31329.0	32064.0	35241.0	35989.0	38250.0	41597.0	42167.0	44453.0	44132.0	45740.0	45135.0	46687.0	46358.0	46806.0	49044.0	50572.0	51338.0	49701.0	52852.0	52911.0	52303.0	51677.0	53238.0	51107.0	52562.0	52402.0	53491.0	53782.0	52177.0	51050.0	52013.0	46808.0	48138.0	47848.0	45626.0	44328.0	41579.0	41161.0	40011.0	37957.0	37451.0	38433.0	34498.0	34807.0	34003.0	32207.0	32925.0	32531.0	32263.0
Twist-OE	3_Twist-OE_sim timeseries stacks_zmax	TIMES:	0.0	0.5	1.0	1.5	2.0	2.5	3.0	3.5	4.0	4.5	5.0	5.5	6.0	6.5	7.0	7.5	8.0	8.5	9.0	9.5	10.0	10.5	11.0	11.5	12.0	12.5	13.0	13.5	14.0	14.5	15.0	15.5	16.0	16.5	17.0	17.5	18.0	18.5	19.0	19.5	20.0	20.5	21.0	21.5	22.0	22.5	23.0	23.5	24.0	24.5	25.0	25.5	26.0	26.5	27.0	27.5	28.0	28.5	29.0	29.5	30.0	30.5	31.0	31.5	32.0
Twist-OE	3_Twist-OE_sim timeseries stacks_zmax	COUNTS:	1	1	1	1	3	5	20	31	62	82	120	130	156	155	182	202	210	216	235	236	236	252	249	258	267	255	244	232	251	246	241	244	240	237	249	248	254	262	268	267	264	281	277	283	276	269	283	280	278	288	296	281	286	268	257	255	241	248	247	236	241	254	236	230	234
Twist-OE	3_Twist-OE_sim timeseries stacks_zmax	TOTALINTS:	108.0	127.0	102.0	94.0	248.0	533.0	2119.0	3388.0	6722.0	8511.0	12660.0	14187.0	17502.0	17954.0	21626.0	23476.0	25067.0	25501.0	27512.0	28175.0	28051.0	29673.0	30094.0	30722.0	30501.0	29837.0	29292.0	27850.0	29979.0	29725.0	28525.0	29423.0	28691.0	27797.0	28378.0	29409.0	29452.0	30415.0	30658.0	30427.0	29866.0	31698.0	31639.0	31786.0	31716.0	30544.0	32301.0	31655.0	31751.0	32513.0	32306.0	30722.0	30578.0	29249.0	27336.0	27169.0	24803.0	26820.0	25420.0	24485.0	24862.0	25897.0	24491.0	24233.0	23263.0
Twist-OE	4_Twist-OE_sim timeseries stacks_zmax	TIMES:	0.0	0.5	1.0	1.5	2.0	2.5	3.0	3.5	4.0	4.5	5.0	5.5	6.0	6.5	7.0	7.5	8.0	8.5	9.0	9.5	10.0	10.5	11.0	11.5	12.0	12.5	13.0	13.5	14.0	14.5	15.0	15.5	16.0	16.5	17.0	17.5	18.0	18.5	19.0	19.5	20.0	20.5	21.0	21.5	22.0	22.5	23.0	23.5	24.0	24.5	25.0	25.5	26.0	26.5	27.0	27.5	28.0	28.5	29.0	29.5	30.0	30.5	31.0	31.5	32.0
Twist-OE	4_Twist-OE_sim timeseries stacks_zmax	COUNTS:	0	0	1	0	4	8	22	28	52	73	83	108	104	113	132	140	153	157	167	184	186	185	185	190	191	197	213	209	218	222	232	235	244	251	258	260	268	264	272	279	285	281	287	293	284	278	281	279	265	265	258	246	224	243	232	219	216	210	228	228	218	233	229	241	237
Twist-OE	4_Twist-OE_sim timeseries stacks_zmax	TOTALINTS:	0.0	0.0	93.0	0.0	354.0	841.0	2190.0	3202.0	5763.0	7948.0	10306.0	13600.0	13705.0	14967.0	17002.0	17897.0	20632.0	20954.0	23280.0	25168.0	25434.0	25071.0	25446.0	26674.0	26757.0	25982.0	29286.0	28119.0	29410.0	29818.0	31287.0	30657.0	32622.0	32864.0	34607.0	33954.0	35660.0	35114.0	35994.0	36257.0	37357.0	37005.0	37145.0	37967.0	36398.0	35351.0	35364.0	34896.0	33646.0	31904.0	31428.0	29749.0	27270.0	29134.0	28592.0	26346.0	25287.0	24341.0	25711.0	25737.0	24537.0	26531.0	26218.0	28303.0	28052.0
Twist-OE	5_Twist-OE_sim timeseries stacks_zmax	TIMES:	0.0	0.5	1.0	1.5	2.0	2.5	3.0	3.5	4.0	4.5	5.0	5.5	6.0	6.5	7.0	7.5	8.0	8.5	9.0	9.5	10.0	10.5	11.0	11.5	12.0	12.5	13.0	13.5	14.0	14.5	15.0	15.5	16.0	16.5	17.0	17.5	18.0	18.5	19.0	19.5	20.0	20.5	21.0	21.5	22.0	22.5	23.0	23.5	24.0	24.5	25.0	25.5	26.0	26.5	27.0	27.5	28.0	28.5	29.0	29.5	30.0	30.5	31.0	31.5	32.0
Twist-OE	5_Twist-OE_sim timeseries stacks_zmax	COUNTS:	0	0	0	0	1	2	4	10	13	15	19	22	28	35	39	47	50	57	60	68	69	78	73	76	87	83	90	94	97	95	103	98	107	107	110	107	108	101	110	108	109	98	96	91	97	109	106	109	106	109	95	100	97	93	83	82	79	83	83	83	85	75	87	97	85
Twist-OE	5_Twist-OE_sim timeseries stacks_zmax	TOTALINTS:	0.0	0.0	0.0	0.0	88.0	202.0	366.0	1056.0	1426.0	1678.0	2113.0	2661.0	3280.0	4085.0	5088.0	5510.0	5757.0	6770.0	7567.0	8620.0	9082.0	10182.0	9796.0	10207.0	11252.0	11071.0	11638.0	11657.0	12353.0	11960.0	13153.0	12623.0	13953.0	14003.0	14276.0	13555.0	13662.0	13173.0	13848.0	14052.0	14249.0	12611.0	12033.0	11279.0	11945.0	13409.0	13088.0	13077.0	13011.0	12767.0	11029.0	11346.0	11201.0	10730.0	9962.0	9611.0	8942.0	9193.0	9183.0	9087.0	9010.0	8185.0	9025.0	10333.0	8896.0
